Created on 08-11-2019,https://www.CryptoDataDownload.com
Unix Timestamp,Date,Symbol,Open,High,Low,Close,Volume
1565481600.0,2019-08-11 00:00:00,ETCAUD,8.38,8.38,8.38,8.38,0.0
1565395200.0,2019-08-10 00:00:00,ETCAUD,8.47,8.71,8.09,8.38,5863.4738
1565308800.0,2019-08-09 00:00:00,ETCAUD,8.84,8.91,8.36,8.55,5737.5389
1565222400.0,2019-08-08 00:00:00,ETCAUD,8.64,9.08,8.6,8.84,4124.6056
1565136000.0,2019-08-07 00:00:00,ETCAUD,8.6,9.01,8.48,8.79,5430.8711
1565049600.0,2019-08-06 00:00:00,ETCAUD,9.12,9.23,8.37,8.6,9337.748
1564963200.0,2019-08-05 00:00:00,ETCAUD,8.96,9.35,8.96,9.12,7387.6487
1564876800.0,2019-08-04 00:00:00,ETCAUD,8.96,8.96,8.96,8.96,0.0
1564790400.0,2019-08-03 00:00:00,ETCAUD,8.94,8.97,8.69,8.96,116.7659
1564704000.0,2019-08-02 00:00:00,ETCAUD,8.73,8.97,8.5,8.94,4974.504
1564617600.0,2019-08-01 00:00:00,ETCAUD,8.85,8.86,8.47,8.72,6330.4963
1564531200.0,2019-07-31 00:00:00,ETCAUD,8.6,8.87,8.45,8.85,3946.6392
1564444800.0,2019-07-30 00:00:00,ETCAUD,8.62,8.82,8.37,8.6,4262.1381
1564358400.0,2019-07-29 00:00:00,ETCAUD,8.49,8.77,8.39,8.62,4086.0398
1564272000.0,2019-07-28 00:00:00,ETCAUD,8.65,8.89,8.1,8.49,4163.1445
1564185600.0,2019-07-27 00:00:00,ETCAUD,9.0,9.16,8.32,8.61,4162.6236
1564099200.0,2019-07-26 00:00:00,ETCAUD,8.82,9.49,8.57,9.0,4361.3558
1564012800.0,2019-07-25 00:00:00,ETCAUD,8.68,9.09,8.54,8.82,4011.8651
1563926400.0,2019-07-24 00:00:00,ETCAUD,8.66,8.93,8.25,8.68,4301.3405
1563840000.0,2019-07-23 00:00:00,ETCAUD,9.11,9.11,8.37,8.66,4997.8389
1563753600.0,2019-07-22 00:00:00,ETCAUD,8.91,9.23,8.75,9.11,4760.262
1563667200.0,2019-07-21 00:00:00,ETCAUD,8.69,8.99,8.63,8.91,5481.4667
1563580800.0,2019-07-20 00:00:00,ETCAUD,8.28,8.97,8.27,8.69,5380.0578
1563494400.0,2019-07-19 00:00:00,ETCAUD,8.47,8.58,8.01,8.37,4924.9732
1563408000.0,2019-07-18 00:00:00,ETCAUD,8.28,8.58,7.79,8.57,6587.7485
1563321600.0,2019-07-17 00:00:00,ETCAUD,7.66,8.55,7.54,8.21,5135.4256
1563235200.0,2019-07-16 00:00:00,ETCAUD,8.38,8.88,7.53,7.66,5009.8208
1563148800.0,2019-07-15 00:00:00,ETCAUD,10.72,12.96,7.7,8.29,5433.2469
1563062400.0,2019-07-14 00:00:00,ETCAUD,11.32,12.96,8.28,10.72,4750.4352
1562976000.0,2019-07-13 00:00:00,ETCAUD,9.76,12.98,9.24,11.32,4821.6986
1562889600.0,2019-07-12 00:00:00,ETCAUD,9.58,10.0,9.42,9.81,4817.4204
1562803200.0,2019-07-11 00:00:00,ETCAUD,10.58,11.19,9.43,9.58,10518.7409
1562716800.0,2019-07-10 00:00:00,ETCAUD,11.1,11.3,10.09,10.58,7024.09
1562630400.0,2019-07-09 00:00:00,ETCAUD,11.31,12.95,10.87,11.1,5534.4943
1562544000.0,2019-07-08 00:00:00,ETCAUD,11.3,11.32,11.2,11.31,5723.0128
1562457600.0,2019-07-07 00:00:00,ETCAUD,11.13,11.32,11.02,11.3,4866.1184
1562371200.0,2019-07-06 00:00:00,ETCAUD,11.33,11.5,10.97,11.13,4831.8727
1562284800.0,2019-07-05 00:00:00,ETCAUD,10.91,11.63,10.84,11.3,4845.2077
1562198400.0,2019-07-04 00:00:00,ETCAUD,11.38,11.95,10.91,10.99,4392.2183
1562112000.0,2019-07-03 00:00:00,ETCAUD,11.48,11.71,11.02,11.38,2574.5194
1562025600.0,2019-07-02 00:00:00,ETCAUD,11.27,11.61,10.42,11.48,10049.9929
1561939200.0,2019-07-01 00:00:00,ETCAUD,12.05,12.05,10.62,11.27,7658.9059
1561852800.0,2019-06-30 00:00:00,ETCAUD,11.05,12.05,11.05,12.05,576.38
1561766400.0,2019-06-29 00:00:00,ETCAUD,11.05,11.05,11.05,11.05,0.0
1561680000.0,2019-06-28 00:00:00,ETCAUD,10.87,11.71,10.7,11.05,2698.2497
1561593600.0,2019-06-27 00:00:00,ETCAUD,13.22,13.22,10.42,10.87,8452.2461
1561507200.0,2019-06-26 00:00:00,ETCAUD,13.11,13.64,13.11,13.22,290.9388
1561420800.0,2019-06-25 00:00:00,ETCAUD,13.27,13.48,10.39,13.11,1591.1623
1561334400.0,2019-06-24 00:00:00,ETCAUD,13.32,13.55,12.76,13.27,889.233
1561248000.0,2019-06-23 00:00:00,ETCAUD,12.85,13.74,12.78,13.32,889.6276
1561161600.0,2019-06-22 00:00:00,ETCAUD,12.71,13.44,12.48,12.85,885.2428
1561075200.0,2019-06-21 00:00:00,ETCAUD,12.43,12.82,12.21,12.71,900.6816
1560988800.0,2019-06-20 00:00:00,ETCAUD,12.2,12.66,11.95,12.43,932.9476
1560902400.0,2019-06-19 00:00:00,ETCAUD,12.08,12.72,12.06,12.2,1819.6179
1560816000.0,2019-06-18 00:00:00,ETCAUD,12.7,12.77,11.94,12.08,1560.0493
1560729600.0,2019-06-17 00:00:00,ETCAUD,12.39,12.98,12.31,12.7,1062.5445
1560643200.0,2019-06-16 00:00:00,ETCAUD,12.53,12.89,12.16,12.39,1905.0111
1560556800.0,2019-06-15 00:00:00,ETCAUD,12.46,12.67,12.02,12.33,1855.5958
1560470400.0,2019-06-14 00:00:00,ETCAUD,12.37,12.52,11.78,12.46,1581.0039
1560384000.0,2019-06-13 00:00:00,ETCAUD,12.37,12.76,12.22,12.37,878.2414
1560297600.0,2019-06-12 00:00:00,ETCAUD,11.92,12.66,11.69,12.37,870.3258
1560211200.0,2019-06-11 00:00:00,ETCAUD,12.02,12.16,11.54,11.92,1006.0245
1560124800.0,2019-06-10 00:00:00,ETCAUD,11.82,12.22,11.37,12.02,1380.3248
1560038400.0,2019-06-09 00:00:00,ETCAUD,12.28,12.44,11.37,11.63,931.6316
1559952000.0,2019-06-08 00:00:00,ETCAUD,12.03,12.68,11.62,12.28,929.7447
1559865600.0,2019-06-07 00:00:00,ETCAUD,11.65,12.12,11.16,12.03,952.9891
1559779200.0,2019-06-06 00:00:00,ETCAUD,11.66,11.96,10.66,11.65,953.3125
1559692800.0,2019-06-05 00:00:00,ETCAUD,12.85,12.85,11.2,11.66,990.9621
1559606400.0,2019-06-04 00:00:00,ETCAUD,13.5,13.5,12.47,12.85,358.5279
1559520000.0,2019-06-03 00:00:00,ETCAUD,13.63,14.07,13.0,13.5,849.4246
1559433600.0,2019-06-02 00:00:00,ETCAUD,12.22,13.87,12.22,13.63,928.1512
1559347200.0,2019-06-01 00:00:00,ETCAUD,12.33,12.85,12.1,12.22,917.927
1559260800.0,2019-05-31 00:00:00,ETCAUD,11.68,12.59,11.63,12.33,574.5479
1559174400.0,2019-05-30 00:00:00,ETCAUD,11.91,12.85,11.38,11.68,880.9867
1559088000.0,2019-05-29 00:00:00,ETCAUD,11.74,12.18,11.01,11.91,928.5053
1559001600.0,2019-05-28 00:00:00,ETCAUD,11.73,12.3,11.49,11.74,801.6169
1558915200.0,2019-05-27 00:00:00,ETCAUD,11.02,11.92,10.98,11.73,883.731
1558828800.0,2019-05-26 00:00:00,ETCAUD,10.66,11.23,10.15,11.02,889.8605
1558742400.0,2019-05-25 00:00:00,ETCAUD,10.54,10.75,10.33,10.66,941.314
1558656000.0,2019-05-24 00:00:00,ETCAUD,10.23,10.9,10.07,10.54,1003.4591
1558569600.0,2019-05-23 00:00:00,ETCAUD,10.23,12.43,9.77,10.23,1318.6014
1558483200.0,2019-05-22 00:00:00,ETCAUD,10.82,11.02,10.05,10.23,920.8827
1558396800.0,2019-05-21 00:00:00,ETCAUD,10.87,11.23,10.61,10.82,1268.0154
1558310400.0,2019-05-20 00:00:00,ETCAUD,11.29,11.29,10.3,10.87,2736.817
1558224000.0,2019-05-19 00:00:00,ETCAUD,10.38,12.96,10.38,11.22,2676.267
1558137600.0,2019-05-18 00:00:00,ETCAUD,10.46,12.96,10.13,10.38,2674.6411
1558051200.0,2019-05-17 00:00:00,ETCAUD,11.26,11.35,9.56,10.46,2612.3076
1557964800.0,2019-05-16 00:00:00,ETCAUD,9.81,12.32,9.81,11.26,2579.4679
1557878400.0,2019-05-15 00:00:00,ETCAUD,9.53,10.06,9.33,9.81,392.6973
1557792000.0,2019-05-14 00:00:00,ETCAUD,8.82,9.63,8.76,9.53,899.7248
1557705600.0,2019-05-13 00:00:00,ETCAUD,8.31,9.13,8.19,8.82,688.9166
1557619200.0,2019-05-12 00:00:00,ETCAUD,8.67,9.01,8.1,8.31,1711.5883
1557532800.0,2019-05-11 00:00:00,ETCAUD,7.98,9.21,7.92,9.05,1746.1711
1557446400.0,2019-05-10 00:00:00,ETCAUD,7.85,8.17,7.84,7.98,1287.1378
1557360000.0,2019-05-09 00:00:00,ETCAUD,8.08,8.31,7.77,7.85,849.6086
1557273600.0,2019-05-08 00:00:00,ETCAUD,7.97,8.25,7.87,8.08,847.6685
1557187200.0,2019-05-07 00:00:00,ETCAUD,8.04,8.39,7.83,7.97,1028.1553
1557100800.0,2019-05-06 00:00:00,ETCAUD,8.1,8.23,7.72,8.04,1769.9821
1557014400.0,2019-05-05 00:00:00,ETCAUD,8.14,8.36,7.87,8.1,1759.7975
1556928000.0,2019-05-04 00:00:00,ETCAUD,8.33,8.77,7.93,8.18,1824.3783
1556841600.0,2019-05-03 00:00:00,ETCAUD,8.17,8.74,8.0,8.33,1920.8319
1556755200.0,2019-05-02 00:00:00,ETCAUD,8.2,8.43,7.8,8.17,1863.1386
1556668800.0,2019-05-01 00:00:00,ETCAUD,8.38,8.81,7.97,8.38,1792.7802
1556582400.0,2019-04-30 00:00:00,ETCAUD,7.86,8.39,7.79,8.22,1770.1608
1556496000.0,2019-04-29 00:00:00,ETCAUD,7.87,8.1,7.68,7.86,1786.9385
1556409600.0,2019-04-28 00:00:00,ETCAUD,7.81,7.95,7.52,7.87,1815.0043
1556323200.0,2019-04-27 00:00:00,ETCAUD,7.79,8.82,7.56,7.72,1718.6786
1556236800.0,2019-04-26 00:00:00,ETCAUD,7.51,8.01,7.45,7.82,1774.344
1556150400.0,2019-04-25 00:00:00,ETCAUD,7.99,8.29,7.5,7.64,1806.9531
1556064000.0,2019-04-24 00:00:00,ETCAUD,8.32,8.42,7.73,7.99,1892.2922
1555977600.0,2019-04-23 00:00:00,ETCAUD,8.22,9.07,8.22,8.32,1790.8882
1555891200.0,2019-04-22 00:00:00,ETCAUD,8.26,8.29,8.11,8.22,1884.3274
1555804800.0,2019-04-21 00:00:00,ETCAUD,8.74,8.9,7.98,8.26,1799.9681
1555718400.0,2019-04-20 00:00:00,ETCAUD,8.86,8.98,8.57,8.74,1844.8541
1555632000.0,2019-04-19 00:00:00,ETCAUD,8.9,8.98,8.63,8.86,1852.3193
1555545600.0,2019-04-18 00:00:00,ETCAUD,8.67,9.02,8.6,8.9,1810.5117
1555459200.0,2019-04-17 00:00:00,ETCAUD,8.72,8.75,8.39,8.62,1770.3667
1555372800.0,2019-04-16 00:00:00,ETCAUD,8.53,8.75,8.36,8.72,1845.8876
1555286400.0,2019-04-15 00:00:00,ETCAUD,8.94,9.28,8.36,8.53,1849.8488
1555200000.0,2019-04-14 00:00:00,ETCAUD,9.04,9.08,8.55,8.94,1809.7463
1555113600.0,2019-04-13 00:00:00,ETCAUD,9.03,9.18,8.6,9.04,1893.5776
1555027200.0,2019-04-12 00:00:00,ETCAUD,8.72,9.13,7.18,9.03,1799.6702
1554940800.0,2019-04-11 00:00:00,ETCAUD,9.97,9.97,8.31,8.72,1799.1672
1554854400.0,2019-04-10 00:00:00,ETCAUD,9.9,10.32,9.59,9.97,1794.1107
1554768000.0,2019-04-09 00:00:00,ETCAUD,10.21,10.47,9.5,9.9,1842.9302
1554681600.0,2019-04-08 00:00:00,ETCAUD,10.66,11.17,9.58,10.16,1966.5722
1554595200.0,2019-04-07 00:00:00,ETCAUD,8.34,11.3,8.23,10.85,2196.9404
1554508800.0,2019-04-06 00:00:00,ETCAUD,7.86,8.52,7.73,8.34,1881.0667
1554422400.0,2019-04-05 00:00:00,ETCAUD,7.46,8.31,6.91,7.86,1665.3526
1554336000.0,2019-04-04 00:00:00,ETCAUD,7.71,7.99,7.29,7.46,722.6585
1554249600.0,2019-04-03 00:00:00,ETCAUD,7.06,8.41,7.06,7.71,631.4946
1554163200.0,2019-04-02 00:00:00,ETCAUD,6.66,7.39,6.64,7.06,622.0815
1554076800.0,2019-04-01 00:00:00,ETCAUD,6.78,6.92,6.62,6.66,1789.6373
1553990400.0,2019-03-31 00:00:00,ETCAUD,6.66,6.81,6.59,6.69,1823.6767
1553904000.0,2019-03-30 00:00:00,ETCAUD,6.72,7.0,6.59,6.66,2295.9627
1553817600.0,2019-03-29 00:00:00,ETCAUD,6.6,7.03,6.59,6.72,1870.656
1553731200.0,2019-03-28 00:00:00,ETCAUD,6.78,6.81,6.59,6.6,1789.1483
1553644800.0,2019-03-27 00:00:00,ETCAUD,6.48,6.81,6.43,6.79,1795.6923
1553558400.0,2019-03-26 00:00:00,ETCAUD,6.61,6.65,6.28,6.48,1799.6981
1553472000.0,2019-03-25 00:00:00,ETCAUD,6.83,6.83,6.36,6.54,1877.5265
1553385600.0,2019-03-24 00:00:00,ETCAUD,6.86,6.93,6.55,6.83,840.0752
1553299200.0,2019-03-23 00:00:00,ETCAUD,6.93,7.01,6.69,6.86,962.5197
1553212800.0,2019-03-22 00:00:00,ETCAUD,6.57,6.99,6.51,6.93,847.251
1553126400.0,2019-03-21 00:00:00,ETCAUD,6.33,6.76,6.2,6.57,967.5274
1553040000.0,2019-03-20 00:00:00,ETCAUD,6.34,6.59,6.13,6.33,1298.2977
1552953600.0,2019-03-19 00:00:00,ETCAUD,6.17,6.46,5.96,6.34,731.5272
1552867200.0,2019-03-18 00:00:00,ETCAUD,7.12,7.75,5.93,6.17,1021.6004
1552780800.0,2019-03-17 00:00:00,ETCAUD,7.58,7.77,6.11,7.12,913.9752
1552694400.0,2019-03-16 00:00:00,ETCAUD,7.53,7.77,5.92,7.58,1014.7928
1552608000.0,2019-03-15 00:00:00,ETCAUD,6.34,7.74,5.86,7.37,922.8648
1552521600.0,2019-03-14 00:00:00,ETCAUD,6.14,7.74,5.89,6.34,932.2768
1552435200.0,2019-03-13 00:00:00,ETCAUD,5.97,7.77,5.84,6.14,711.9979
1552348800.0,2019-03-12 00:00:00,ETCAUD,5.97,5.97,5.97,5.97,0.0
1552262400.0,2019-03-11 00:00:00,ETCAUD,5.92,6.21,5.77,5.97,886.231
1552176000.0,2019-03-10 00:00:00,ETCAUD,7.16,7.72,5.79,5.92,868.6698
1552089600.0,2019-03-09 00:00:00,ETCAUD,7.13,7.76,5.84,7.16,900.8882
1552003200.0,2019-03-08 00:00:00,ETCAUD,6.1,7.78,5.97,7.13,821.0409
1551916800.0,2019-03-07 00:00:00,ETCAUD,6.08,6.42,5.88,6.1,873.5005
1551830400.0,2019-03-06 00:00:00,ETCAUD,5.94,6.22,5.72,6.08,934.8395
1551744000.0,2019-03-05 00:00:00,ETCAUD,5.7,5.94,5.7,5.94,124.2926
1551657600.0,2019-03-04 00:00:00,ETCAUD,5.84,7.73,5.66,5.7,914.5264
1551571200.0,2019-03-03 00:00:00,ETCAUD,5.91,6.08,5.81,5.84,971.0416
1551484800.0,2019-03-02 00:00:00,ETCAUD,5.84,6.24,5.73,5.91,958.9427
1551398400.0,2019-03-01 00:00:00,ETCAUD,5.96,6.12,5.68,5.84,893.8527
1551312000.0,2019-02-28 00:00:00,ETCAUD,6.01,6.15,5.73,5.96,964.0416
1551225600.0,2019-02-27 00:00:00,ETCAUD,5.93,6.16,5.69,5.8,974.983
1551139200.0,2019-02-26 00:00:00,ETCAUD,5.98,6.1,5.68,5.93,914.5332
1551052800.0,2019-02-25 00:00:00,ETCAUD,5.86,6.07,5.58,5.98,947.2084
1550966400.0,2019-02-24 00:00:00,ETCAUD,6.64,6.84,5.54,5.86,976.7027
1550880000.0,2019-02-23 00:00:00,ETCAUD,6.4,6.84,5.98,6.64,872.4375
1550793600.0,2019-02-22 00:00:00,ETCAUD,6.22,6.67,5.93,6.4,1061.1683
1550707200.0,2019-02-21 00:00:00,ETCAUD,6.46,6.53,5.89,6.22,1051.4619
1550620800.0,2019-02-20 00:00:00,ETCAUD,6.21,6.53,5.98,6.46,960.7167
1550534400.0,2019-02-19 00:00:00,ETCAUD,6.09,6.7,5.92,6.21,979.8487
1550448000.0,2019-02-18 00:00:00,ETCAUD,5.6,6.13,5.5,6.09,1063.8273
1550361600.0,2019-02-17 00:00:00,ETCAUD,5.54,5.73,5.37,5.6,902.8368
1550275200.0,2019-02-16 00:00:00,ETCAUD,5.28,5.76,5.1,5.54,1204.7525
1550188800.0,2019-02-15 00:00:00,ETCAUD,5.47,5.81,5.24,5.28,937.5654
1550102400.0,2019-02-14 00:00:00,ETCAUD,5.72,5.8,5.3,5.47,912.1011
1550016000.0,2019-02-13 00:00:00,ETCAUD,5.62,5.77,5.33,5.72,972.5898
1549929600.0,2019-02-12 00:00:00,ETCAUD,5.51,5.77,5.31,5.62,1021.227
1549843200.0,2019-02-11 00:00:00,ETCAUD,5.37,5.7,5.31,5.51,882.014
1549756800.0,2019-02-10 00:00:00,ETCAUD,5.69,5.69,5.37,5.37,22.2696
1549670400.0,2019-02-09 00:00:00,ETCAUD,5.69,5.69,5.69,5.69,194.2157
1549584000.0,2019-02-08 00:00:00,ETCAUD,5.26,5.69,5.26,5.69,47.2087
1549497600.0,2019-02-07 00:00:00,ETCAUD,5.18,5.26,5.18,5.26,30.1728
1549411200.0,2019-02-06 00:00:00,ETCAUD,5.33,5.33,5.18,5.18,7.7719
1549324800.0,2019-02-05 00:00:00,ETCAUD,5.33,5.33,5.33,5.33,0.0
1549238400.0,2019-02-04 00:00:00,ETCAUD,5.36,5.4,5.33,5.33,27.7123
1549152000.0,2019-02-03 00:00:00,ETCAUD,5.48,5.54,5.31,5.36,954.2196
1549065600.0,2019-02-02 00:00:00,ETCAUD,5.37,5.51,5.35,5.48,927.6553
1548979200.0,2019-02-01 00:00:00,ETCAUD,5.44,5.64,5.34,5.37,891.9213
1548892800.0,2019-01-31 00:00:00,ETCAUD,5.36,5.6,5.36,5.44,111.5353
1548806400.0,2019-01-30 00:00:00,ETCAUD,5.66,5.66,5.34,5.36,874.4469
1548720000.0,2019-01-29 00:00:00,ETCAUD,5.5,5.67,5.26,5.66,963.5765
1548633600.0,2019-01-28 00:00:00,ETCAUD,5.82,5.92,5.24,5.5,1005.5374
1548547200.0,2019-01-27 00:00:00,ETCAUD,6.01,6.06,5.81,5.82,966.6404
1548460800.0,2019-01-26 00:00:00,ETCAUD,6.09,6.1,5.89,6.01,834.6535
1548374400.0,2019-01-25 00:00:00,ETCAUD,5.98,6.14,5.88,5.95,876.3982
1548288000.0,2019-01-24 00:00:00,ETCAUD,5.9,6.06,5.85,5.98,940.8612
1548201600.0,2019-01-23 00:00:00,ETCAUD,6.04,6.11,5.9,5.9,880.2462
1548115200.0,2019-01-22 00:00:00,ETCAUD,6.02,6.08,5.85,6.04,864.498
1548028800.0,2019-01-21 00:00:00,ETCAUD,5.9,6.08,5.82,6.02,917.4209
1547942400.0,2019-01-20 00:00:00,ETCAUD,6.11,6.26,5.8,5.9,956.5916
1547856000.0,2019-01-19 00:00:00,ETCAUD,6.04,6.38,6.02,6.11,916.8472
1547769600.0,2019-01-18 00:00:00,ETCAUD,6.28,6.28,5.86,6.04,943.3696
1547683200.0,2019-01-17 00:00:00,ETCAUD,5.96,6.3,5.84,6.28,858.5089
1547596800.0,2019-01-16 00:00:00,ETCAUD,5.76,6.19,5.61,5.96,896.1664
1547510400.0,2019-01-15 00:00:00,ETCAUD,6.0,6.19,5.66,5.76,839.635
1547424000.0,2019-01-14 00:00:00,ETCAUD,5.92,6.28,5.78,6.0,950.8704
1547337600.0,2019-01-13 00:00:00,ETCAUD,6.21,6.39,5.7,5.92,931.5135
1547251200.0,2019-01-12 00:00:00,ETCAUD,6.08,6.48,6.06,6.21,898.0007
1547164800.0,2019-01-11 00:00:00,ETCAUD,6.08,6.36,6.02,6.08,1733.4841
1547078400.0,2019-01-10 00:00:00,ETCAUD,6.93,7.13,5.86,6.08,4112.7393
1546992000.0,2019-01-09 00:00:00,ETCAUD,6.82,7.11,6.77,6.93,3703.369
1546905600.0,2019-01-08 00:00:00,ETCAUD,6.84,7.15,6.65,6.82,3665.869
1546819200.0,2019-01-07 00:00:00,ETCAUD,7.67,7.78,6.67,6.84,3554.621
1546732800.0,2019-01-06 00:00:00,ETCAUD,7.48,7.79,7.12,7.66,3783.5013
1546646400.0,2019-01-05 00:00:00,ETCAUD,7.41,7.78,7.14,7.48,3747.4934
1546560000.0,2019-01-04 00:00:00,ETCAUD,7.51,7.73,7.07,7.41,3666.9976
1546473600.0,2019-01-03 00:00:00,ETCAUD,7.7,7.79,7.1,7.45,3557.2328
1546387200.0,2019-01-02 00:00:00,ETCAUD,7.13,7.8,7.13,7.7,3022.1175
1546300800.0,2019-01-01 00:00:00,ETCAUD,7.12,7.35,6.89,7.13,860.5448
1546214400.0,2018-12-31 00:00:00,ETCAUD,7.6,7.61,6.85,7.12,2753.1585
1546128000.0,2018-12-30 00:00:00,ETCAUD,7.11,7.62,6.96,7.6,2662.4895
1546041600.0,2018-12-29 00:00:00,ETCAUD,7.38,7.79,7.11,7.11,2808.9682
1545955200.0,2018-12-28 00:00:00,ETCAUD,6.83,7.69,6.59,7.38,3309.9324
1545868800.0,2018-12-27 00:00:00,ETCAUD,7.2,8.08,6.56,6.83,2754.1934
1545782400.0,2018-12-26 00:00:00,ETCAUD,6.65,7.2,6.6,7.2,1208.7122
1545696000.0,2018-12-25 00:00:00,ETCAUD,7.1,7.2,6.3,6.65,1806.0563
1545609600.0,2018-12-24 00:00:00,ETCAUD,6.98,7.76,6.86,7.1,1773.9721
1545523200.0,2018-12-23 00:00:00,ETCAUD,6.52,7.03,6.52,6.98,1828.6111
1545436800.0,2018-12-22 00:00:00,ETCAUD,6.44,6.72,6.04,6.52,1814.2705
1545350400.0,2018-12-21 00:00:00,ETCAUD,6.58,6.58,6.27,6.4,89.4382
1545264000.0,2018-12-20 00:00:00,ETCAUD,6.12,6.99,6.03,6.58,784.3525
1545177600.0,2018-12-19 00:00:00,ETCAUD,5.75,6.55,5.75,6.12,886.3076
1545091200.0,2018-12-18 00:00:00,ETCAUD,5.57,5.9,5.3,5.75,948.6246
1545004800.0,2018-12-17 00:00:00,ETCAUD,5.0,5.72,4.94,5.57,840.4969
1544918400.0,2018-12-16 00:00:00,ETCAUD,4.98,5.3,4.86,5.0,966.9677
1544832000.0,2018-12-15 00:00:00,ETCAUD,5.07,5.19,4.81,4.98,940.168
1544745600.0,2018-12-14 00:00:00,ETCAUD,5.43,5.43,4.99,5.07,978.2398
1544659200.0,2018-12-13 00:00:00,ETCAUD,5.81,5.81,5.06,5.43,780.8016
1544572800.0,2018-12-12 00:00:00,ETCAUD,5.81,5.81,5.81,5.81,0.0
1544486400.0,2018-12-11 00:00:00,ETCAUD,5.81,5.81,5.81,5.81,0.0
1544400000.0,2018-12-10 00:00:00,ETCAUD,5.81,5.81,5.81,5.81,0.0
1544313600.0,2018-12-09 00:00:00,ETCAUD,4.78,5.81,4.78,5.81,64.4666
1544227200.0,2018-12-08 00:00:00,ETCAUD,4.78,4.78,4.78,4.78,0.0
1544140800.0,2018-12-07 00:00:00,ETCAUD,4.72,4.86,4.72,4.78,237.645
1544054400.0,2018-12-06 00:00:00,ETCAUD,5.51,5.78,4.75,4.78,8965.1489
1543968000.0,2018-12-05 00:00:00,ETCAUD,5.98,6.05,5.47,5.53,8319.5396
1543881600.0,2018-12-04 00:00:00,ETCAUD,6.45,6.59,5.82,6.01,7610.5481
1543795200.0,2018-12-03 00:00:00,ETCAUD,6.97,7.15,6.45,6.45,2545.4406
1543708800.0,2018-12-02 00:00:00,ETCAUD,6.59,7.33,6.45,7.06,7299.76
1543622400.0,2018-12-01 00:00:00,ETCAUD,6.91,6.91,6.03,6.59,6991.1334
1543536000.0,2018-11-30 00:00:00,ETCAUD,6.6,6.92,6.52,6.91,1201.2254
1543449600.0,2018-11-29 00:00:00,ETCAUD,6.69,7.03,6.45,6.67,5003.0226
1543363200.0,2018-11-28 00:00:00,ETCAUD,6.1,7.02,6.09,6.69,5454.0182
1543276800.0,2018-11-27 00:00:00,ETCAUD,5.92,6.5,5.71,6.1,5517.8224
1543190400.0,2018-11-26 00:00:00,ETCAUD,6.48,6.71,5.67,5.95,5552.3289
1543104000.0,2018-11-25 00:00:00,ETCAUD,6.51,6.62,5.61,6.48,5711.9031
1543017600.0,2018-11-24 00:00:00,ETCAUD,7.05,7.37,5.97,6.51,5723.5998
1542931200.0,2018-11-23 00:00:00,ETCAUD,7.2,7.41,6.71,7.08,5610.0625
1542844800.0,2018-11-22 00:00:00,ETCAUD,7.99,8.11,7.2,7.2,5124.3431
1542758400.0,2018-11-21 00:00:00,ETCAUD,7.46,8.21,7.14,7.83,4509.3958
1542672000.0,2018-11-20 00:00:00,ETCAUD,8.5,9.09,6.6,7.46,4856.8053
1542585600.0,2018-11-19 00:00:00,ETCAUD,9.98,10.19,8.15,8.21,4600.7239
1542499200.0,2018-11-18 00:00:00,ETCAUD,10.09,10.41,9.86,9.98,4631.5024
1542412800.0,2018-11-17 00:00:00,ETCAUD,10.31,10.46,9.81,10.09,4532.2711
1542326400.0,2018-11-16 00:00:00,ETCAUD,10.15,11.04,10.0,10.31,4594.444
1542240000.0,2018-11-15 00:00:00,ETCAUD,10.29,11.15,9.9,10.15,4162.3854
1542153600.0,2018-11-14 00:00:00,ETCAUD,12.45,12.91,9.78,10.36,4696.9039
1542067200.0,2018-11-13 00:00:00,ETCAUD,12.69,12.75,12.27,12.45,4617.6119
1541980800.0,2018-11-12 00:00:00,ETCAUD,12.72,12.92,12.51,12.69,4691.9158
1541894400.0,2018-11-11 00:00:00,ETCAUD,13.17,13.19,12.33,12.67,4704.6118
1541808000.0,2018-11-10 00:00:00,ETCAUD,13.15,13.19,12.95,13.17,4704.6711
1541721600.0,2018-11-09 00:00:00,ETCAUD,12.75,13.2,12.75,13.15,4481.6011
1541635200.0,2018-11-08 00:00:00,ETCAUD,13.3,13.43,12.7,13.01,4602.854
1541548800.0,2018-11-07 00:00:00,ETCAUD,13.66,13.81,12.99,13.3,4563.6533
1541462400.0,2018-11-06 00:00:00,ETCAUD,12.94,13.84,12.75,13.66,4053.468
1541376000.0,2018-11-05 00:00:00,ETCAUD,12.94,12.94,12.94,12.94,0.0
1541289600.0,2018-11-04 00:00:00,ETCAUD,12.75,12.94,12.75,12.94,7.4675
1541203200.0,2018-11-03 00:00:00,ETCAUD,12.75,12.75,12.75,12.75,0.0
1541116800.0,2018-11-02 00:00:00,ETCAUD,12.46,12.78,12.34,12.75,3617.9348
1541030400.0,2018-11-01 00:00:00,ETCAUD,12.56,12.84,12.37,12.47,3668.4815
1540944000.0,2018-10-31 00:00:00,ETCAUD,12.63,12.99,12.35,12.7,3568.9747
1540857600.0,2018-10-30 00:00:00,ETCAUD,12.73,13.03,12.33,12.55,3640.9679
1540771200.0,2018-10-29 00:00:00,ETCAUD,13.39,13.62,12.37,12.73,3467.8632
1540684800.0,2018-10-28 00:00:00,ETCAUD,13.48,13.56,13.24,13.5,2837.127
1540598400.0,2018-10-27 00:00:00,ETCAUD,13.53,13.63,13.45,13.48,2689.6742
1540512000.0,2018-10-26 00:00:00,ETCAUD,13.46,13.66,13.45,13.53,2772.2475
1540425600.0,2018-10-25 00:00:00,ETCAUD,13.45,13.75,13.45,13.46,2699.7094
1540339200.0,2018-10-24 00:00:00,ETCAUD,13.74,13.93,13.45,13.45,2799.1918
1540252800.0,2018-10-23 00:00:00,ETCAUD,13.93,14.3,13.3,13.74,2756.5833
1540166400.0,2018-10-22 00:00:00,ETCAUD,13.33,14.18,13.25,13.93,2829.1938
1540080000.0,2018-10-21 00:00:00,ETCAUD,13.46,13.94,13.24,13.33,2746.2199
1539993600.0,2018-10-20 00:00:00,ETCAUD,13.3,13.57,13.18,13.46,2791.8224
1539907200.0,2018-10-19 00:00:00,ETCAUD,13.5,13.55,13.04,13.3,2815.4469
1539820800.0,2018-10-18 00:00:00,ETCAUD,13.51,13.89,13.16,13.5,2726.0461
1539734400.0,2018-10-17 00:00:00,ETCAUD,13.34,14.0,13.1,13.51,2735.6569
1539648000.0,2018-10-16 00:00:00,ETCAUD,13.3,13.74,13.12,13.34,2848.6175
1539561600.0,2018-10-15 00:00:00,ETCAUD,13.44,14.0,12.82,13.3,2792.6742
1539475200.0,2018-10-14 00:00:00,ETCAUD,13.24,13.61,12.95,13.44,2846.0269
1539388800.0,2018-10-13 00:00:00,ETCAUD,13.4,13.87,13.16,13.24,2676.9553
1539302400.0,2018-10-12 00:00:00,ETCAUD,13.76,13.76,12.86,13.4,2460.9504
1539216000.0,2018-10-11 00:00:00,ETCAUD,15.3,15.3,13.46,13.76,1520.858
1539129600.0,2018-10-10 00:00:00,ETCAUD,15.29,15.46,14.98,15.3,905.268
1539043200.0,2018-10-09 00:00:00,ETCAUD,15.38,15.57,15.18,15.29,937.5353
1538956800.0,2018-10-08 00:00:00,ETCAUD,15.56,15.68,15.13,15.38,815.6516
1538870400.0,2018-10-07 00:00:00,ETCAUD,15.52,15.62,14.99,15.56,925.0272
1538784000.0,2018-10-06 00:00:00,ETCAUD,15.44,15.66,15.24,15.52,922.7497
1538697600.0,2018-10-05 00:00:00,ETCAUD,15.43,15.93,15.31,15.44,926.8378
1538611200.0,2018-10-04 00:00:00,ETCAUD,15.47,15.89,15.22,15.43,878.151
1538524800.0,2018-10-03 00:00:00,ETCAUD,15.68,15.68,15.07,15.47,921.4268
1538438400.0,2018-10-02 00:00:00,ETCAUD,15.31,15.85,15.3,15.68,932.1863
1538352000.0,2018-10-01 00:00:00,ETCAUD,15.86,15.87,15.17,15.31,825.7302
1538265600.0,2018-09-30 00:00:00,ETCAUD,15.59,15.99,15.39,15.86,960.0505
1538179200.0,2018-09-29 00:00:00,ETCAUD,15.79,16.05,15.16,15.59,907.2199
1538092800.0,2018-09-28 00:00:00,ETCAUD,15.94,16.16,15.27,15.79,922.5237
1538006400.0,2018-09-27 00:00:00,ETCAUD,15.4,16.08,14.93,15.94,903.9732
1537920000.0,2018-09-26 00:00:00,ETCAUD,15.21,15.69,14.67,15.4,854.5056
1537833600.0,2018-09-25 00:00:00,ETCAUD,15.13,15.58,14.46,15.21,1071.0876
1537747200.0,2018-09-24 00:00:00,ETCAUD,15.88,15.95,14.99,15.13,946.5851
1537660800.0,2018-09-23 00:00:00,ETCAUD,15.55,16.07,15.34,15.88,914.2739
1537574400.0,2018-09-22 00:00:00,ETCAUD,15.83,16.17,15.21,15.55,868.848
1537488000.0,2018-09-21 00:00:00,ETCAUD,15.41,16.2,15.01,15.83,865.6083
1537401600.0,2018-09-20 00:00:00,ETCAUD,14.75,15.41,14.53,15.41,806.6164
1537315200.0,2018-09-19 00:00:00,ETCAUD,14.66,15.17,14.24,14.75,741.6015
1537228800.0,2018-09-18 00:00:00,ETCAUD,14.66,15.07,14.29,14.66,971.8637
1537142400.0,2018-09-17 00:00:00,ETCAUD,15.75,15.99,14.17,14.66,943.4465
1537056000.0,2018-09-16 00:00:00,ETCAUD,15.9,15.98,15.33,15.66,942.7247
1536969600.0,2018-09-15 00:00:00,ETCAUD,15.36,16.22,15.19,15.9,962.8022
1536883200.0,2018-09-14 00:00:00,ETCAUD,15.54,15.74,14.96,15.36,936.0386
1536796800.0,2018-09-13 00:00:00,ETCAUD,14.8,15.72,14.8,15.54,962.2638
1536710400.0,2018-09-12 00:00:00,ETCAUD,15.58,15.97,14.39,14.8,1036.2844
1536624000.0,2018-09-11 00:00:00,ETCAUD,15.95,16.22,15.36,15.58,750.3601
1536537600.0,2018-09-10 00:00:00,ETCAUD,16.5,16.5,15.38,15.95,594.6391
1536451200.0,2018-09-09 00:00:00,ETCAUD,16.5,16.5,16.5,16.5,0.0
1536364800.0,2018-09-08 00:00:00,ETCAUD,16.5,16.5,16.5,16.5,0.0
1536278400.0,2018-09-07 00:00:00,ETCAUD,16.5,16.82,16.06,16.5,118.7834
